<?xml version="1.0" encoding="UTF-8"?>
<project-private xmlns="http://www.netbeans.org/ns/project-private/1">
    <editor-bookmarks xmlns="http://www.netbeans.org/ns/editor-bookmarks/2" lastBookmarkId="0"/>
    <open-files xmlns="http://www.netbeans.org/ns/projectui-open-files/2">
        <group>
            <file>file:/C:/Users/Truong%20Dep%20Zai/Downloads/PROJECT%20(2)/QLDTIP/src/GUI/Main.java</file>
            <file>file:/C:/Users/Truong%20Dep%20Zai/Downloads/PROJECT%20(2)/QLDTIP/src/Helper/Helper.java</file>
            <file>file:/C:/Users/Truong%20Dep%20Zai/Downloads/PROJECT%20(2)/QLDTIP/src/GUI/QLDT/XemDT.java</file>
            <file>file:/C:/Users/Truong%20Dep%20Zai/Downloads/PROJECT%20(2)/QLDTIP/src/GUI/QLDT/ThemDT.java</file>
            <file>file:/C:/Users/Truong%20Dep%20Zai/Downloads/PROJECT%20(2)/QLDTIP/src/Helper/PhoneHelper.java</file>
            <file>file:/C:/Users/Truong%20Dep%20Zai/Downloads/PROJECT%20(2)/QLDTIP/src/GUI/QLDT/DienThoai_Class.java</file>
        </group>
    </open-files>
</project-private>
